Transect,AL_artcal,AL_corfol,AL_cormac,AN_encrusting,AS_eresin,CB_filamentous,CCA,HC_arborescent,HC_bushy,HC_column,HC_encrusting,HC_foliose,HC_massive,HC_tabular,OC_arborescent,OC_bushy,OC_clustered,OC_digitate,OC_encrusting,OC_lobate,OC_massive,SG,SP_encrusting,SP_massive,SP_branching,Turf,ZO_encrusting
FennT1,0,0,0.009183236,0.00408618,0.001789208,0,0.211583974,0,0.012700549,0.00038266,0.150027526,0.000810466,0.033912527,0.001054803,0.000790327,0.010491622,0,0.037006403,0,0.027165677,0.000322057,0,0.000709261,0.008474663,0,0.384494909,0.001403987
FennT2,0,0,0.001976294,0.002290296,0.000201479,0,0.196155111,0,0.006506454,0.000566954,0.199860213,0.001113766,0.080306197,0.000311087,0.000866588,0.014010043,0,0.017948482,0,0.076158151,0.006613391,0.000359425,0.006275183,0.007426041,0.000265064,0.300178844,0.006195759
FennT3,0,0,0.005269802,0.000748347,0.001809558,0,0.243401383,0,0.010434208,0.001469334,0.11594792,0.000896413,0.070367362,0.000462721,0.003175586,0.00725184,0,0.048371205,0,0.125093329,0.004870706,0.000260544,0.004179804,0.006383618,0,0.299963644,0.000182887
FennT4,0,0.00042183,0.000547444,0.004386616,0.000142608,0,0.145172491,0,0.003301747,0.000850708,0.133296444,0.001319241,0.030685257,0.000212532,0.000440897,0.009634648,0,0.06223479,0,0.032478994,0,0,0.000729044,0,0,0.455555478,0.000602792
FennT5,0,0.000422202,0.001652573,0.011654347,6.30E-05,0,0.178491768,0,0.013344634,0.000866221,0.102435376,0,0.027085082,0,0,0.012314022,0,0.015709683,0,0.010998191,0,0,0.000307359,0,0,0.5083144,0.004531003
JiamT1,0.000876979,0.001846757,0.006181289,0.001346581,0.000486468,0,0.199797053,0,0.08077745,0.005801307,0.172278495,0.013714341,0.029042937,0.00797116,0.00887745,0.001377423,0,0.028340278,0,0.00071542,5.09E-05,0,0.001978538,0.000561548,0.000669695,0.405214678,0.015036267
JiamT2,0,0.000214933,0.001312257,0.003723826,0,0,0.179889376,8.96E-05,0.034904978,0.00301819,0.201364139,0.018090833,0.034666623,0.03743153,0.003506821,0.005294422,0,0.038890195,0,0.000630657,0,0,0.001333801,0.000472324,0.000290465,0.390206914,0.007166444
JiamT3,9.64E-05,0.001173478,0.02724796,0.009068146,0,0,0.164005257,0,0.052144958,0.001628924,0.195375794,0.003907968,0.026526886,0,0.002029026,0.013645815,0,0.026446063,0,0.000626665,0,0,0,0.003060689,0.002022632,0.403001726,0.015139758
JiamT4,0,0,0.002330831,0.004073206,0.000866548,0,0.132369861,0,0.073527012,0.003553607,0.227493285,0,0.053042139,0.007146645,0,0.003610048,0,0.047910721,0,0.006096981,0,0,0,0.00034722,0,0.359946109,0.048010365
JiamT5,0,0,0.0022781,0.00517266,0,0,0.14796287,0,0.042194658,0.001438959,0.240610212,0.003921088,0.078795196,0,0.001614842,0.013781157,0,0.049497354,0,0.003345514,0,0,0,0.002734116,0,0.340165411,0.025770485
JihuT1,0,0,0.004814487,9.02E-05,0.000406269,0,0.143889657,0.00228784,0.040121125,0.000872899,0.167715309,0.028891267,0.039300747,0.014991949,0.009249584,0.005978324,0,0.016063466,0,0.009015259,0,0,0.00047264,0.000273006,0.000295215,0.432536636,0
JihuT2,0,0.000224207,0.002654968,0.00035,0.000258147,0,0.151810497,0.006528413,0.066300102,0.012042084,0.16887118,0.00901209,0.075695303,0.003356737,0.005634334,0.00370782,0,0.028477739,0.000580388,0.01239241,0.000425656,0,0,0.00054001,0.000142496,0.422104454,0.000354279
JihuT3,0,0,0.009990363,0.000609119,0.001782707,0,0.162885502,0.002321278,0.063464339,0.001116961,0.18136267,0.000560116,0.034308,0.035486067,0.03880206,0.004809557,0,0.028836953,0,0.000725987,0,0,0,0,0.001085026,0.408251606,0.002169782
JihuT4,0,0,0.00830089,0.002289016,0.000759544,0,0.143674416,0.005824764,0.040278439,0.004909801,0.333035393,0.031974544,0.067371733,0.00226729,0.006477652,0.00460374,0.000298005,0.019262707,0,0.000597645,0,0,0,0,0.000101908,0.317740881,0.000412048
JihuT5,0,0,0.017011215,0.00194079,0.000691765,0,0.139981089,0,0.067417387,0,0.127601214,6.82E-05,0.062795684,0.008330317,0.00666549,0.000617606,0,0.009342849,0,0.008806007,0,0.000256552,0,0.0009648,0.002830828,0.429781363,0.00079145
JiqiT1,0.010475103,0,0.001503629,0.005000114,0.000608658,0,0.234431776,0,0.001756549,0,0.064872007,0,0.019238365,0,0,0.008058072,0.001735567,0.000660525,0,0,0,0,0,0,0,0.62787474,0
JiqiT2,0.001087609,0,0.003175744,0.004004363,0,0,0.227820245,0,0.002902844,0,0.050999529,0,0.027136701,0,0,0.007925979,0,0,0,0,0,0,0,0,0.000410747,0.652368097,0
JiqiT3,0.004057081,0,0.001204909,0.010215191,0.000362691,0.000603768,0.229440589,0,0.005457848,0.000156263,0.070839496,0,0.023051667,0.0002553,0,0.008143684,0,0.000653785,0,0,0,0,0.001747126,0.000173368,0.000243325,0.616803199,0.002481207
JiqiT4,0.000601666,0,0.001433158,0.004039681,0.000707162,0,0.246846912,0,0.004123167,0,0.049064876,0.001368368,0.031944023,0,0,0.003323311,0,0,0,0,0,0,0,0,9.60E-05,0.623889999,0.002153876
JiqiT5,0.003907356,0,0.002388566,0.005028579,0,0,0.1241243,0,0.000541611,0,0.078138178,0.000363529,0.016718341,0.00015092,0,0.016750154,0,0.004061334,0,0.001425183,0,0,0,0,8.14E-05,0.616483104,0
XinsT1,0,0,5.70E-05,0.003594609,0,0,0.164327067,0,0.004999459,0.000712345,0.141738934,0,0.025082412,0.001032538,0.000288083,0.00258579,0.000596037,0.050120008,0,0.001695271,0,0,0.000571457,0,0,0.560240844,0.009557853
XinsT2,0,0,0.00308584,0.010666623,0.000529657,0,0.168081903,0,0.005751774,0.000379167,0.110121271,0,0.034431541,0.000367015,0,0.005361674,0,0.008589606,0,0,0,0,0.001040253,0.000233231,0.000124473,0.593469476,0.017260642
XinsT3,0,0.000171541,0.001020173,0.005792954,0,0,0.171151033,0,0.00418421,0.000685206,0.114438266,0.000563326,0.030383006,0.000149892,0.000369376,0.003994165,0,0.010797323,0,0,0,0,0.000382655,0,0,0.594478319,0.012405682
XinsT4,0,0,0.002470847,0.00376617,7.83E-05,0,0.160484851,0.002201633,0.034040371,0.000479231,0.121444682,0.002475784,0.024447581,0.001484016,0,0.00348055,0,0.003817826,0,0.000851862,0,0,0,0,0.000418231,0.596931907,0.009400244
XinsT5,0,0,0.000497208,0.002867779,0,0,0.169900907,0,0.027927582,0.000648016,0.133133134,0,0.019008241,0.000364321,0.00075721,0.005722413,0,0.020292857,0,0,0,0,0,0,0,0.58678941,0.008039727
ChaiT1,0,0,0,0.000182472,0,0,0.155537637,0.002004685,0.011566987,0.010266457,0.266962891,0.018744354,0.078599669,0.002276809,0.001244721,0.004578329,0.001102365,0.010326575,0.002325915,0.002543974,0.000270548,0,0,0,0.000241505,0.312136027,0
ChaiT2,0,0,0,0,0,0,0.149618681,0.000320013,0.01513127,0.005132115,0.350017924,0.025111384,0.023629555,0.015598132,0,0.011665894,0.001543299,0.017391148,0.00131231,0,0,0,0,0,0,0.284137772,0.000820874
ChaiT3,0,0,0,0,0,0,0.10755759,0,0.010796825,0.008080554,0.310877916,0.056777798,0.072356513,0.013126035,0,0.015540038,0.000370796,0.011547008,0,0.001820596,0.000950743,0,0,0,0,0.243880723,0.003762535
ChaiT4,0,0,0,0.000186724,0,0,0.133262645,0.013124562,0.021572128,0.007359066,0.33214223,0.005357588,0.072505643,0.023689998,0.000328293,0.017725224,0.003563486,0.021444588,0.003637596,0.00175628,0.000335023,0,0,0,0,0.218368072,0.001386475
ChaiT5,0,0.000616416,0,0.000216016,0,0,0.135492879,0.001786252,0.032909197,0.004566677,0.324821059,0.018304116,0.109273954,0.005619294,0.000263756,0.011394603,0.002763775,0.01243913,0.00274368,0.018457416,0.000941846,0,0,0,0.000578818,0.191339247,0.000295152
DabaT1,0,0.003203882,0.001581673,0,0,0,0.163582337,0.002850974,0.042455435,0.001500732,0.233294093,0.001206836,0.036153007,0.002183908,0,0.000539052,0.001125564,0.054346457,0,0.006797925,0,0,0.00041206,0,0.000844758,0.419943921,0.001443467
DabaT2,0.008672069,9.92E-05,0.000278585,0,0,0,0.337583782,0.008967759,0.066369226,0.003668792,0.116986105,0.036728754,0.00931274,0.01741571,0,0.003667118,0.000662281,0.023832499,0.001566258,0.001206889,0,0,0.010018361,0.000144776,0.000577519,0.323313745,0.009299453
DabaT3,0.001785387,0,0,0,0,0,0.156691358,0.102057498,0.050236104,0.003728284,0.154489848,0.077837078,0.006787302,0.003860637,0,0.001485231,0,0.004206423,0,0.000220758,0,0,0,0,0.000532344,0.405196149,0.007102488
DabaT4,0.00145311,0,0,0,0,0,0.208420445,0.021478816,0.056717476,0.001635457,0.144038912,0.067299282,0.016985849,0.045391823,0,0.001222837,0,0.005783024,0,0.007141516,0.000265203,0,0,0,0,0.383437583,0.007106148
DabaT5,0.001087486,0,0,0,0,0,0.190544652,0.018297052,0.054660133,0.000260191,0.180555023,0.085312968,0.015290576,0.039595677,0,0.000637953,0.001353987,0.011942914,0,0.002765011,0,0,0,0,0,0.378611212,0.001864343
GongT1,0.005339094,0.000229445,8.54E-05,0,0,0,0.197553005,0.00822342,0.007571385,0,0.130480966,0.033013865,0.04639629,0.002056308,0.002578287,0.003850497,0,0.011775911,0,0.008502368,0,0,0.001517001,0,0.007117228,0.48528419,0.006534299
GongT2,0.002252818,0,0.000132179,0,0,0,0.139228957,0.000818901,0.002725703,0,0.165968733,0.046153932,0.032491303,0.00262864,0,0.002459454,0,0.01297204,0,0.008806394,0,0,0,0,0.000579521,0.52543748,0.004004533
GongT3,0.002598459,0.001921083,0.001640309,0,0,0,0.166245721,0.009062049,0.009965585,0.000123478,0.133643727,0.025924268,0.026680646,0.054597325,0.001001001,0.003971571,0.000224223,0.015542567,0,0.005061951,0.002036791,0,0,0,0.000562312,0.478928347,0.00100517
GongT4,0.006904328,0.002677612,0.001843693,0,0,0,0.195515819,0.005860117,0.009666618,0.000273541,0.116950196,0.018268237,0.044770318,0.106354032,0,0.000445632,0,0.018528028,0,0.001091996,0,0,0.000748876,0,0.002428333,0.433156895,0.002072814
GongT5,0.002339775,0.00430998,0.001697368,0,0,0,0.196306695,0.012051461,0.019563351,0.000104347,0.119767219,0.018196174,0.032621466,0.028857453,0.000456645,0.008215788,0.001466332,0.013662838,0,0.000672426,0.000439026,0.000261273,0,0,0.000351288,0.464021629,0.002752106
GuiwT1,0,0,0,0.002040542,0,0,0.147202995,0.002422178,0.02626194,0.002242627,0.208666582,0.01652419,0.02588569,0.006153893,0,0.003132398,0,0.002636749,0,0.002645488,0,0,0.007898933,9.28E-05,0.000302549,0.451767407,0.003188041
GuiwT2,0.00035757,0.001692188,0.002190517,0.005136063,0,0,0.1496823,4.83E-05,0.001843366,0.012174331,0.308522959,0.002537691,0.025232388,0.005032624,0,0.014128308,0.009877278,0.00019699,0.003674979,0.004342541,0,0,0.000818667,0,0.000446068,0.386839259,0
GuiwT3,0,0,0.002786824,0.002064089,0,0,0.140704294,0.000480754,0.010147214,0.006147442,0.114848099,0.000466157,0.006555971,0.010549081,0,0.003898987,0.009462408,0.002866261,0.000225487,0.002233583,0.000246497,0,0,0.000716489,0,0.496782273,0.001746909
GuiwT4,0,0,0,0.00011455,0,0,0.158359247,0.0055632,0.030160732,0.009949408,0.186851899,0.018982412,0.027293097,0.014683495,0,0.034818942,0.005420329,0.010375201,0.001410429,0.006236414,0.000388015,0,0,0,0.000136101,0.400755935,0.004374624
GuiwT5,0,0.000572034,0.000252412,0.000272321,0,0,0.122980019,0.004858384,0.027486578,0,0.324872931,0.085881659,0.013754197,0.015723037,0,0.011581989,0,0.004056435,0.00741042,0.000403233,0.003107925,0,0,0,0.000349721,0.304021468,0.00240141
ShilT1,0.000534124,0.000705659,0.003526298,0.0075988,0.00156808,0,0.126897875,0.008075027,0.01541987,0.019388408,0.169995914,0.007080817,0.045596891,0.064445689,0.000874304,0.115756267,0.031977207,0.004549462,0.013815302,0.003157435,0,0,0.000299951,0,0,0.291694678,0
ShilT2,0,0,0.002991932,0.001677223,0.000161862,0,0.142997309,0.022300846,0.012291123,0.009622448,0.051572275,0.008442737,0.025254265,0.01716615,0,0.188669752,0.013410369,0.003570125,0.013218459,0,0.002336313,0,0.001010086,0,0,0.310322748,0
ShilT3,0,0.000622943,0.000351992,0.011215394,0,0,0.132204003,0.003658082,0.008247265,0.010333956,0.137284318,0.002972159,0.018916957,0.013457691,0.001728633,0.208312383,0.065409315,0.018365244,0.01719061,0,0.001068514,0,0.003461403,0.001614015,0,0.269445591,0.000821366
ShilT4,0,0,0,0.004698041,0,0,0.142540445,0.000523294,0.013468549,0.00747011,0.118368781,0.004589883,0.04075929,0.069364664,0.002928292,0.117971174,0.038237628,0.033375103,0.009572176,0.000265978,0.000794731,0,0.003285518,0.000284869,0.001629527,0.323930753,0
ShilT5,0,0,0,0.007174986,0.000658494,0,0.137509782,0.002974342,0.011876242,0.015720576,0.11004553,0.002715599,0.018265393,0.015703717,0.000936946,0.169170264,0.055805901,0.021966887,0.00949223,0.000680675,0.005659046,0,4.26E-05,0.000263561,0,0.324386936,0.003062411
DingT1,0.003969918,0.000294059,0.00068105,0,0,0,0.124146893,0.001911388,0.122799563,0,0.064186008,0.001102943,0.041910119,0.015142455,0,0.002018066,0.000338821,0.00718335,0,0.00020577,0,0,0,0,0,0.585252106,0.004795935
DingT2,0.006342963,0,0.003752358,0.000295252,0,0,0.146405614,0.006995983,0.053933321,0.000188259,0.116886637,0,0.015627285,0.006088049,0.001739431,0.004925231,5.20E-05,0.022360684,0,0.000837739,0,0,0,0,0.000125814,0.5907085,0
DingT3,0.006890867,0.000927363,0.000745808,0.000206182,0,0,0.11137286,0.00327829,0.05182178,0,0.12306505,0.009450931,0.008282835,0.001836582,0,0,0,0.021588567,0,0,0,0,0,0,0,0.629758126,0.010209634
DingT4,0.022280914,0.002058533,0.001140544,0.000207947,0,0,0.138265925,0.008784766,0.055848821,0.00140521,0.07042831,0.002195569,0.018096699,0.00071464,0,0.002105715,0,0.015935093,0,0.001153392,0,0,0,0,0.001308193,0.629905434,0.002976624
DingT5,0.01667698,0.005861215,0.000650556,0,0,0,0.152995411,0.010513193,0.089974575,0.001650102,0.054839835,0.001439885,0.00706426,0.002561582,0,0.000458291,0,0.023290079,0,0,0,0,0,0,0,0.602014516,0.002220371
HoubT1,0.001648186,0,0,0,0,0,0.120824037,0.031212722,0.002592253,0,0.059132591,0.223692369,0.070925602,0.006071809,0,5.81E-05,0,0.029933966,0,0.008438182,0,0,0,0,0.003900121,0.365703984,0.003242491
HoubT2,0.001244113,0,0,0,0,0,0.077735487,0.067685609,0.008814165,0,0.043495405,0.472670914,0.001162824,0.007115443,0,0.000233331,0,0.000318249,0,0.019181534,0.000124852,0,0,0,0.000128302,0.259613879,0
HoubT3,0.00090443,0,0.000827757,0,0,0,0.103510737,0.011027718,0.00405006,0,0.036826539,0.379232204,0.00503838,0.02987895,0,0.000718916,0,0.001651107,0,0.005826486,0,0,0,0,0.002238425,0.365090188,0
HoubT4,0.001449363,0,0.000351038,0,0,0,0.108731884,0.018420334,0.003284859,0,0.083883437,0.150510328,0.025299902,0.010571731,0,0,0,0.067815219,0,0.056086127,0,0,0.00124672,0,0.002259918,0.384709364,0.003951484
HoubT5,0.001016061,0,0.001562145,0,0.000163836,0,0.142756431,0.035633034,0.020391166,0.000127596,0.137624544,0.214715946,0.009640579,0.019458988,0,0.003692525,0,0.009452883,0,0.010795434,0,0,0,0,0.001341566,0.324855375,0
JialT1,0.057119242,0,0.001968641,0.001091369,0,0,0.231178171,0.086301513,0.064167725,0,0.070944996,0.002993376,0.051428767,0.04843319,0,0.000312847,0,0.019868636,0,0.002705412,0,0,0,0,0.000608875,0.330779436,0.003532592
JialT2,0.045064393,0.000590467,0.008355703,0.000217373,0,0,0.279939694,0.033044365,0.043635796,0,0.08795335,0.004131056,0.012106586,0.04264798,0,0.006506735,0,0.024524333,0,0.001125069,0,0,0,0,0.001101464,0.37815819,0
JialT3,0.041484672,0.000547267,0.004501485,0,0,0,0.249668803,0.0321495,0.067364104,0.000509982,0.108577348,0.006886466,0.015148823,0.046444074,0,0.004402187,0,0.02515911,0,0,0,0,0,0,0.010576488,0.365928048,0.001678506
JialT4,0.048112523,0.001107079,0.006439221,0,0,0,0.278563222,0.027843803,0.062975848,9.05E-05,0.125909505,0.01299693,0.029362512,0.021249771,0.000969322,0.000582069,0,0.017831579,0,0.000108819,0,0,0,0,0.001197182,0.326747967,0.002219105
JialT5,0.056895024,0,0.003757015,0,0,0,0.289944212,0.018729118,0.055587695,0,0.098335675,0.00306928,0.008461785,0.0290194,0,0.002436557,0,0.037106654,0,0,0,0,0,0,0.005220237,0.352565168,0.001726261
LeidT1,0.017926087,0,0.000672272,0,0,0,0.207465375,0.013766006,0.021991311,0,0.141907983,0.046191032,0.011966611,0.040851076,0,0,0,0.089001266,0,0.028229132,0,0,0,0,0,0.366505778,0.001746718
LeidT2,0.010037864,0,0.000991151,0,0,0,0.188611498,0.010394044,0.048235016,0.000841219,0.175087899,0.007852475,0.03508357,0.023718562,0.000304102,0.001193086,0,0.059080767,0,0.008868558,0,0,0,0,0.001110241,0.404243426,0.001777972
LeidT3,0.013168728,0,0.002510664,0,0,0,0.19790887,0.053964717,0.049304277,0.002329749,0.135945596,0.044427164,0.020319758,0.020716494,0.000237295,0,0,0.038253089,0,0.000338524,0,0,0,0,0.004027897,0.391491337,0.004731046
LeidT4,0.021099609,0,0.002622488,0,0,0,0.263439841,0.047300789,0.051600313,0.001006303,0.089657199,0.003315412,0.035385343,0.021574356,0.000893683,0.000365824,0,0.052485094,0,0.007381785,0.000338963,0,0.000596524,0,0.012063819,0.371386665,0.00520974
LeidT5,0.017006946,3.71E-05,0.002242744,0,0,0,0.268868693,0.033815262,0.077893155,0.001204494,0.12511691,0.031965669,0.025889392,0.016855569,0.002257328,0.000387934,0,0.006797368,0,0,0,0,0,0,0.001344489,0.361496169,0
TiaoT1,0.019589343,0,0.002983077,0.000340858,0,0,0.105169721,0.118022419,0.013074943,0,0.1215492,0.032255021,0.035858673,0.153152135,0.000194111,0.009272028,0,0.001749557,0,0.000846544,0,0,0,0,0.004390756,0.333359894,0.005163596
TiaoT2,0.010004568,0,0.007317072,0.000272857,0,0,0.143889839,0.05792023,0.058030735,0,0.127223894,0.011430744,0.019457834,0.037891917,0.000885781,0.011445122,0,0.005834933,0,0,0,0,0,0,0.002608211,0.441521441,0.008347721
TiaoT3,0.015109385,0,0.001612451,0,0,0,0.108175383,0.131431775,0.016458178,0.000688316,0.130250079,0.015229494,0.060163283,0.11207806,0.000449953,0.013517084,0,0.003621153,0,0.004596965,0,0,0,0,0.000712554,0.331939671,0.000545058
TiaoT4,0.004285328,0,0.003865997,0.000170331,0,0,0.104360126,0.151492392,0.07550201,0,0.111468125,0.012471996,0.024262924,0.124150468,0,0.001466386,0,0.002358264,0,0.001692026,0,0,0,0,0.001034003,0.32385919,0.004036395
TiaoT5,0.011461064,0,0.010092657,3.31E-05,0,0,0.134159053,0.107245155,0.064800939,0.000409508,0.086810238,0.013727521,0.032479856,0.112706407,0,0.011459636,0,0.001518006,0,0.003677759,0,0,0,0,5.16E-05,0.364196849,0.003442666
825KT1,0,0,0.001200638,0.002736798,0,0,0.208351957,0,0.005185433,0.001440398,0.187658692,0.011665157,0.0294148,0.000972021,0.000321755,6.12E-05,0,0,0,0,0,0,0.000381832,0,0.003756159,0.531192768,0.004177787
825KT2,0,0,0.001623114,0.001791332,0,0,0.180743327,0,0.003014937,0,0.209916479,0.000360658,0.059749791,0.009525288,0,0.000141857,0,0,0,0.00154933,0,0,0,0,0.001014307,0.501347521,0.010283136
825KT3,0.004102991,0,0.003811014,0.004693332,0,0,0.191762562,0.000365761,0.003347634,0.000840609,0.180659366,0.00250422,0.053055084,0.008218686,0,0.004145568,0,0,0,0.001145969,0,0,0.001265824,0.000475783,0.000693117,0.510673099,0.016163615
825KT4,0,0,0.002155751,0.002037154,9.31E-05,0,0.155138338,0.000547212,0.003701435,0.001079552,0.298539541,0.003827032,0.090016375,0.002364489,0,0.002740297,0,0,0,0.006997094,0,0,0.000927988,0,0,0.397334424,0.008624391
825KT5,0.000117667,0,0.001208757,0.004553105,0,0,0.216847751,0,0.002048576,0,0.259384101,0.003381645,0.031677172,0.000509249,0,0.00352977,0,0,0,0.000246091,0,0,0.001371995,0,0.00044702,0.426225294,0.027678932
BitoT1,0.000669922,0,0,0,0,0,0.266250123,0,0.004713817,0.000220998,0.26233157,0,0.014154523,0,0,0,0,0,0,0.000956088,0,0,0,0,0,0.413043247,0.007911487
BitoT2,0,0,0.00079802,0.000628542,0,0,0.267786284,0,0.009434655,0.001306822,0.198316265,0,0.039711993,0.001591136,0,0.000485768,0,0.001331957,0.000338947,0,0,0,0,0,0.000995887,0.332296227,0.134002411
BitoT3,0.000208001,0,0.00561678,0,0.000543943,0,0.384868196,0,0.004439735,0,0.073302334,0,0.004029031,0.001690955,0,0.000361148,0,0,0,0,0,0,0.003438728,0,0.000857929,0.515684055,0.003250378
BitoT4,0,0,0.007332688,0.000103005,0.000196635,0,0.327746237,0,0.027024374,0,0.17626165,0,0.032529042,0,0.003989014,0.000135235,0,0.00343332,0,0,0,0,0.003246149,0.000422007,0.001739794,0.383469984,0.022921961
BitoT5,0,0,0.001522675,0.002271002,0,0,0.2745303,5.62E-05,0.009138044,0.000862574,0.15737582,0.000276099,0.021717967,0.005413395,0,0.001985989,0,0.003715794,0,0,0,0,0,0,0.001777427,0.462926652,0.047175114
ChaoT1,0,0,0.003253476,5.90E-05,0.000693511,0,0.242245902,0.001905844,0.007724538,0.003345138,0.139900434,0.010690194,0.022343355,0.019691948,0.000134963,0.004193301,0,0.005001674,0,0.00012625,0.000274641,0,0,0.00024488,0.001069308,0.487748417,0.025559444
ChaoT2,0.000682622,0.000113166,0.001332088,0.003116248,0,0,0.208682839,0.002146079,0.067923351,0,0.142871529,0.012754398,0.028967894,0.00451846,0,0.001186258,0,0.002735305,0,3.97E-05,0,0,0,0,0,0.425330786,0.078418687
ChaoT3,0.000227771,0.00022696,0.00357119,0,0.000602074,0,0.229522009,0.002430496,0.01613003,0.000927855,0.12695302,0.012594285,0.026375511,0.024166441,0.001137435,0.003004156,0,0.004890701,0,0,0.000342269,0,0,0,0,0.460381047,0.038027229
ChaoT4,8.88E-05,0,0.002806641,0.000192253,0.001384835,0,0.265068781,0.002210541,0.051214223,0.000790656,0.133158464,0.025843329,0.009911206,0.026096982,0.001475383,0.000355962,0,0.004143075,0.000217083,0.004444568,0.00050939,0,0.000570767,0.000267776,0.000287914,0.445029496,0.013758501
ChaoT5,0.001336193,0,0.000480149,0.000247042,0.000335798,0,0.33296866,0.000797052,0.042541385,0,0.103150773,0.001855836,0.019685822,0.013646325,0.000182147,0.002164236,0,0.002000151,0,0,0,0,0,0.000669535,0.002836256,0.391421271,0.076269831
LongT1,0.000574851,0,0.002633349,0.03049925,0.000232551,0,0.418181416,0,0.001956246,0,0.081934909,0,0.011626121,0,0,0.008564038,0,0.000304241,0,0,0,0,0.000944881,0,0.002788468,0.42706227,0.003679114
LongT2,0,0,0.007462039,0.016922002,0,0,0.291731222,0,0.013218616,0.000733173,0.098319297,0,0.011268615,0,0,0.00527839,0,0.001135523,0,0,0,0,0.001425563,0.000179438,0.000165789,0.52741468,0.009867934
LongT3,0,0.000284538,0.001910576,0.011075248,0.001988114,0,0.20865871,0.000364108,0.009042351,0.005556808,0.123523011,0.014863023,0.024172787,0.001019671,0.000524307,0.00136048,0,0.009582354,0,0.000474068,0.000220161,0,0.00275903,0,0.000483875,0.534525512,0.039565987
LongT4,0.000412187,0,0.002128972,0.005733505,0.005194045,0,0.326049313,0,0.012355386,0.000634456,0.144321419,0.010428903,0.016796088,0,0,0.005177441,0,0.01517463,0,0,0,0,0.000155584,0.000118996,0.000475423,0.410893818,0.018466372
LongT5,0.001477781,0,0.003392838,0.00573007,0.003397803,0,0.237663962,0,0.008296716,0.000278159,0.087030014,0,0.016529646,0,0,0.005998452,0,0.004065819,0,0,0,0,0.003305274,0,0.000557233,0.558864447,0.037280648
MeiyT1,0.001348822,0,0.000258214,0,0,0,0.364046545,0,0,0,0.047466838,0,0.006621127,0,0,0,0,0.007555556,0,0.000294172,0,0,0,0,0.000316035,0.551528232,0.003357789
MeiyT2,0.001559763,0,0.000284066,0.00696565,0,0,0.358906798,0,0.00031961,0,0.034357804,0,0.003089641,0,0,0.001858233,0,0,0,0,0,0,0,0,0.001555212,0.574866437,0.001747091
MeiyT3,0.000498894,5.83E-05,3.08E-05,0.004219474,4.88E-05,0,0.378243609,0,0.000752903,0,0.058468127,0,0.005870242,0.000934389,6.99E-05,0.001098258,0,0.007389937,0,0,0,0,0,0,0.000360171,0.502800096,0.00551845
MeiyT4,0.002803546,0,0.002752605,0.001821313,0.000508864,0,0.365196083,0,0.003522529,0,0.091478504,0.006422541,0.010723646,0.003412237,0,0.00165644,0,0,0,0,0,0,0.00031153,0.000338795,0.00801125,0.455190829,0.018861132
MeiyT5,0.002037151,0,0.001786688,0.001932616,0.000559539,0,0.489068819,0,0.000475106,0,0.059355122,0.000235487,0.008611329,0.000173539,0,0.00032779,0,0.006920124,0,0,0,0,0.001613356,0.000395873,0.001216949,0.398183252,0.006610744
DongT1,0.007720983,0,0.001424197,0.0043304,0.000631565,0,0.278232962,0.001750877,0.011994179,0.00344076,0.117243673,0.022036261,0.022257147,0.008498447,0.005889442,0.001816391,0,0.00792414,0,0.013510405,0,0,0.001485211,0.00013082,0.00018004,0.423536409,0.002317891
DongT2,0.005650584,0,0,0.000753726,0.001466411,0,0.256392555,0.000527205,0.009691474,0.008718311,0.109606668,0.002210845,0.014211519,0.046568073,0.000378354,0.003900785,0,0.00848854,0,0.000185653,0,0,0.008203599,0,0.00021481,0.477382919,0.000899994
DongT3,0.005317102,0,0.001613662,0.003743965,0,0,0.183085726,0.000954176,0.0075987,0.000378834,0.11596671,0,0.010586909,0.023286699,0.000248619,0.007134406,0,0.01849362,0.001674019,0.000374752,0.000565102,0,0.001792436,0,0,0.563669786,0.003569247
DongT4,0.002040449,0,0.00063848,0.003609128,7.61E-05,0,0.161922087,0.030679034,0.024148364,0.00110263,0.057065329,0,0.00685495,0.039636151,0,0.00230911,0,0.003748444,0,0.001388137,0,0,0.006118878,0,0,0.610213403,0.004782834
DongT5,0.004992279,0,0.000577018,0,0,0,0.186061996,0.022106448,0.013747614,0,0.105224863,0.003721445,0.063203336,0.052951376,0,0,0,0.009377766,0,0.016927724,0,0,0,0,0,0.497866262,0.002775478
HenRT1,0.001900265,0,0,0,0,0,0.26153438,0.033361127,0.023347067,0.004133078,0.150998918,0.025178218,0.081655893,0.091157204,0.000249127,0,0,0.006350079,0,0.007076091,0.000278322,0,0.017336196,0,0.0008326,0.251289413,0.003720552
HenRT2,0.00262658,0,0,0,0,0,0.237339125,0.02240305,0.018611783,0.009732473,0.133769664,0.042267113,0.046305173,0.047093122,0,0,0,0.000817903,0,0.00241764,0,0,0.002379506,0.000221785,0.002016518,0.365763441,0.014246238
HenRT3,0,0,5.29E-05,0,0,0,0.244367588,0.008940885,0.017643667,0.00348343,0.132587856,0.04044693,0.020113387,0.010660321,0,0.000154408,0,0.00286576,0,0.002057307,0,0,0.010749774,0,0.000609477,0.41792633,0.009637746
HenRT4,0.001158347,0,0,0,0,0,0.167537543,0.012478846,0.009974914,0.004400344,0.275907325,0.039858878,0.101537558,0.009790737,0,0,0,0.024313662,0,0.004712554,0,0,0.000822213,0,0.001179861,0.298775588,0.014508587
HenRT5,0.00339413,0,0,0,0,0,0.304457101,0.01167882,0.027242938,0.00104494,0.172099323,0.022469753,0.066259699,0.021683635,0,0,0,0.030990348,0,0.000434278,0,0,0.001331687,0,0.001472548,0.300807818,0.011957217
GreeT1,0.003976647,0,0.000103233,0,0,0,0.31652737,0,0.004780935,0.000237775,0.086265349,0.001205348,0.024253266,0.000479459,0,0,0,0.000766502,0,6.49E-05,0,0,0,0,0,0.472114774,0.000682011
GreeT2,0.004399822,0,0.000137076,0,0,0,0.440229958,0.006418154,0.010871271,0,0.172202748,0.009414822,0.016880997,0.002949783,0,0,0,0.00653318,0,0.00017487,0,0,0.00047707,0,0.004066472,0.24778511,0.008320203
GreeT3,0.002090969,0,0,0,0,0,0.326583129,0.002081188,0.038377423,0.002444823,0.140318974,0.016342621,0.043167377,0.001162362,0,0,0,0.00986374,0,0,0,0,0.00332532,0,0,0.252420387,0.004645206
GreeT4,0.004690401,0,0,0,0,0,0.420603814,0.018189569,0.213989342,0.003952484,0.068971142,0.001459476,0.023457984,0.010044818,0,0.002149161,0,0.012314026,0,0.000848025,0,0,0,0,0,0.190618215,0.001773755
GreeT5,0.003258963,0,8.34E-05,0,0,0,0.347752226,0.043758912,0.205856901,0.005573941,0.069512353,0.005624526,0.008546869,0.017763886,0,0.001171199,0,0.015624548,0,0.004752683,0,0,0,0,0,0.244468872,0.001667685
LionT1,0.003144109,0,0,0,0,0,0.250941336,0.002791075,0.031168456,0,0.190069945,0.013568819,0.026123642,0.016024419,0,0,0.000236208,0.048344587,0,0.009308048,0.000202015,0,0,0,0.000131784,0.355686503,0.001304015
LionT2,0.012763016,0,0.000114468,0,0,0,0.227111911,0.015393217,0.017667886,0.00181462,0.192380836,0.02062242,0.06463739,0.00776713,0.000134293,0,0,0.033613447,0,0.002372628,0,0,0.003583181,0,0.002590817,0.349894284,0.012034212
LionT3,0.004549027,0,0,0,0,0,0.173574419,0.011677825,0.008331146,0,0.190934507,0.018825491,0.0274855,0.009458508,0,0,0,0.006839628,0,0.001227966,0,0,0.000481766,0,0.000380184,0.474375937,0.021336387
LionT4,0.009528427,0,4.16E-05,0,0,0,0.217469956,0.001112142,0.01815236,0,0.272072566,0.026197133,0.057775202,0.000282474,0.001669898,0.00160558,7.08E-05,0.022089228,0,0.009845947,0,0,8.75E-05,0,0.000523154,0.316000919,0.009978262
LionT5,0.005093245,0.000723496,0.000331487,0,0,0,0.232322327,0.000753363,0.013087057,0.000429675,0.253564077,0.028830349,0.039282805,0.004159131,0,0.002202821,0,0.010899433,0,0.005486638,0,0,0.000901659,0,0.001306928,0.322473402,0.012340422
YayoT1,0.006213762,8.47E-05,0.000714498,0,0,0,0.298507425,0.001049688,0.041029435,0.000815289,0.083341337,0.016124775,0.015945202,0.001791188,0.001351096,0.001550152,0,0.005086173,0,0.0157186,0,0,0,0,0.000205626,0.481697069,0
YayoT2,0.004813266,0,5.53E-05,0,0,0,0.303743783,0.003213085,0.08740339,0,0.070586255,0.013450288,0.009207145,0.00267362,0,0.000385286,0,0.001826619,0,0.00800088,0,0,0.003601281,0,0.000360329,0.45149556,0.004024077
YayoT3,0.001442058,0,0.000216611,0,0,0,0.227306844,0.026982502,0.035412642,0,0.131096937,0.048433659,0.006125215,0.001998775,0,0,0,0.00356652,0,0,0,0,0,0,6.17E-05,0.480628264,4.57E-05
YayoT4,0.003089186,0,5.37E-05,0,0,0,0.210054269,0.0004188,0.020552104,0.000143857,0.117267141,0.036717581,0.035882133,0.01351514,0,0.000487882,0,0.011781298,0,0.011909094,0,0,0,0,0.00032057,0.502525874,0.001852799
YayoT5,0.000492991,0,0,0,0,0,0.263642094,0.00237307,0.066888095,0.003581151,0.150157194,0.047043795,0.040223269,0.002768362,0.001202088,0.004126568,0,0.015704174,0,0.009190189,0,0,2.95E-05,0,0.00043037,0.356053411,7.25E-05
